{
  "|RR-R-R-R>": {
    "avg_len": 1.71875,
    "95_percentile": 3.0,
    "max_len": 40.0,
    "ratio_solved": 0.9990234375
  },
  "|RR-RR-R>": {
    "avg_len": 2.53515625,
    "95_percentile": 4.0,
    "max_len": 40.0,
    "ratio_solved": 0.998046875
  },
  "|RRR-R-R>": {
    "avg_len": 2.8681640625,
    "95_percentile": 3.0,
    "max_len": 40.0,
    "ratio_solved": 0.9970703125
  },
  "|RRR-RR>": {
    "avg_len": 3.2685546875,
    "95_percentile": 4.0,
    "max_len": 40.0,
    "ratio_solved": 0.9970703125
  },
  "|RRRR-R>": {
    "avg_len": 5.1298828125,
    "95_percentile": 6.0,
    "max_len": 9.0,
    "ratio_solved": 1.0
  },
  "|RRRRR>": {
    "avg_len": 19.984375,
    "95_percentile": 23.0,
    "max_len": 40.0,
    "ratio_solved": 0.9990234375
  }
}