{
  "fast_obs": true,
  "fast_ents": true,
  "num_envs": 32,
  "env_device": "cpu",
  "agent_device": "cpu",
  "embed_dim": 256,
  "dim_mlp": 1024,
  "n_heads": 4,
  "n_layers": 4,
  "steps": 10,
  "num_iters": 10,
  "timings": {
    "4": 4.27869987487793,
    "6": 11.574772119522095,
    "8": 31.89844059944153,
    "10": 34.92294478416443,
    "12": 35.47651767730713,
    "14": 53.41160821914673,
    "16": 80.02585697174072,
    "18": 137.78455805778503,
    "20": 364.57776641845703
  }
}