{
  "fast_obs": true,
  "fast_ents": true,
  "num_envs": 32,
  "env_device": "cuda",
  "agent_device": "cuda",
  "embed_dim": 256,
  "dim_mlp": 1024,
  "n_heads": 4,
  "n_layers": 4,
  "steps": 10,
  "num_iters": 10,
  "timings": {
    "4": 6.88038969039917,
    "6": 8.505123376846313,
    "8": 8.515341758728027,
    "10": 10.584813117980957,
    "12": 13.053698301315308,
    "14": 30.671618938446045,
    "16": 50.26985049247742,
    "18": 128.7665090560913,
    "20": 611.3600330352783
  }
}