{
  "fast_obs": false,
  "fast_ents": false,
  "num_envs": 32,
  "env_device": "cuda",
  "agent_device": "cuda",
  "embed_dim": 256,
  "dim_mlp": 1024,
  "n_heads": 4,
  "n_layers": 4,
  "steps": 10,
  "num_iters": 10,
  "timings": {
    "4": 4.258984565734863,
    "6": 3.090019941329956,
    "8": 9.239366292953491,
    "10": 11.184083223342896,
    "12": 15.531764507293701,
    "14": 20.5805561542511,
    "16": 40.56183648109436,
    "18": 275.02044224739075,
    "20": 1689.5943086147308
  }
}