{
  "fast_obs": true,
  "fast_ents": true,
  "num_envs": 32,
  "env_device": "cuda",
  "agent_device": "cuda",
  "embed_dim": 256,
  "dim_mlp": 1024,
  "n_heads": 4,
  "n_layers": 4,
  "steps": 10,
  "num_iters": 10,
  "timings": {
    "4": {
      "agent": [
        0.031240463256835938,
        0.02221226692199707,
        0.031248092651367188,
        0.01008462905883789,
        0.03124547004699707,
        0.015625715255737305,
        0.022302865982055664,
        0.031264305114746094,
        0.03125786781311035,
        0.015625953674316406
      ],
      "env": [
        0.03125762939453125,
        0.046868085861206055,
        0.022304296493530273,
        0.03125190734863281,
        0.03124403953552246,
        0.03791546821594238,
        0.031250953674316406,
        0.031246662139892578,
        0.03793144226074219,
        0.03125333786010742
      ]
    },
    "6": {
      "agent": [
        0.03133583068847656,
        0.037837982177734375,
        0.015615463256835938,
        0.020812034606933594,
        0.031241655349731445,
        0.015627145767211914,
        0.022226333618164062,
        0.031252384185791016,
        0.01571369171142578,
        0.03122425079345703
      ],
      "env": [
        0.031244277954101562,
        0.03125286102294922,
        0.037920236587524414,
        0.031247854232788086,
        0.04686760902404785,
        0.025800466537475586,
        0.031248092651367188,
        0.046866416931152344,
        0.022304058074951172,
        0.031244754791259766
      ]
    },
    "8": {
      "agent": [
        0.015630483627319336,
        0.01707935333251953,
        0.036401987075805664,
        0.031263113021850586,
        0.015621185302734375,
        0.037859201431274414,
        0.015617132186889648,
        0.031245946884155273,
        0.03133440017700195,
        0.02221846580505371
      ],
      "env": [
        0.037947893142700195,
        0.04687213897705078,
        0.03783893585205078,
        0.04695439338684082,
        0.05345726013183594,
        0.03133273124694824,
        0.04687333106994629,
        0.05355358123779297,
        0.04686999320983887,
        0.03792881965637207
      ]
    },
    "10": {
      "agent": [
        0.031246185302734375,
        0.015630006790161133,
        0.01571059226989746,
        0.02222132682800293,
        0.03126096725463867,
        0.03124380111694336,
        0.031238794326782227,
        0.015707015991210938,
        0.022215604782104492,
        0.03124260902404785
      ],
      "env": [
        0.06257748603820801,
        0.0535578727722168,
        0.06248641014099121,
        0.05353093147277832,
        0.04687142372131348,
        0.05353832244873047,
        0.0468754768371582,
        0.05356407165527344,
        0.062483787536621094,
        0.053562164306640625
      ]
    },
    "12": {
      "agent": [
        0.031255483627319336,
        0.031234264373779297,
        0.03302478790283203,
        0.046862125396728516,
        0.03253531455993652,
        0.04687047004699707,
        0.04686713218688965,
        0.03125953674316406,
        0.031256675720214844,
        0.03125715255737305
      ],
      "env": [
        0.0625009536743164,
        0.06916522979736328,
        0.06910347938537598,
        0.0625298023223877,
        0.05490565299987793,
        0.06758308410644531,
        0.07819652557373047,
        0.056487321853637695,
        0.0661466121673584,
        0.07819986343383789
      ]
    },
    "14": {
      "agent": [
        0.0379176139831543,
        0.04695415496826172,
        0.04448127746582031,
        0.03788614273071289,
        0.03132796287536621,
        0.031299591064453125,
        0.04829573631286621,
        0.04695630073547363,
        0.054761409759521484,
        0.05364704132080078
      ],
      "env": [
        0.1223897933959961,
        0.115875244140625,
        0.11587047576904297,
        0.13149452209472656,
        0.11587047576904297,
        0.11587953567504883,
        0.10668110847473145,
        0.1158747673034668,
        0.11586999893188477,
        0.11587095260620117
      ]
    },
    "16": {
      "agent": [
        0.05349278450012207,
        0.061629533767700195,
        0.06256556510925293,
        0.08484864234924316,
        0.0691688060760498,
        0.06914997100830078,
        0.08478856086730957,
        0.0691537857055664,
        0.06910467147827148,
        0.08465147018432617
      ],
      "env": [
        0.21611928939819336,
        0.21613550186157227,
        0.20700716972351074,
        0.21612191200256348,
        0.21611952781677246,
        0.22762465476989746,
        0.2201859951019287,
        0.22653865814208984,
        0.21624159812927246,
        0.23174214363098145
      ]
    },
    "18": {
      "agent": [
        0.08471870422363281,
        0.06809544563293457,
        0.06825566291809082,
        0.07056689262390137,
        0.06258082389831543,
        0.05350184440612793,
        0.06761765480041504,
        0.1004796028137207,
        0.06918191909790039,
        0.0577392578125
      ],
      "env": [
        0.3853728771209717,
        0.38537073135375977,
        0.3852725028991699,
        0.3946676254272461,
        0.3884561061859131,
        0.40100693702697754,
        0.4231383800506592,
        0.41652655601501465,
        0.41661834716796875,
        0.48566484451293945
      ]
    },
    "20": {
      "agent": [
        0.10034298896789551,
        0.10040879249572754,
        0.07050800323486328,
        0.12263083457946777,
        0.10051321983337402,
        0.06916379928588867,
        0.07820868492126465,
        0.07944464683532715,
        0.13173747062683105,
        0.11513137817382812
      ],
      "env": [
        1.0871984958648682,
        1.106778621673584,
        1.1406500339508057,
        1.1377828121185303,
        1.1342730522155762,
        1.3415722846984863,
        1.0685019493103027,
        1.1029284000396729,
        1.276054859161377,
        1.0716001987457275
      ]
    }
  }
}