{
  "fast_obs": false,
  "fast_ents": false,
  "num_envs": 32,
  "env_device": "cpu",
  "agent_device": "cpu",
  "embed_dim": 256,
  "dim_mlp": 1024,
  "n_heads": 4,
  "n_layers": 4,
  "steps": 10,
  "num_iters": 10,
  "timings": {
    "4": 3.224907398223877,
    "6": 7.361939191818237,
    "8": 25.369900941848755,
    "10": 23.070234775543213,
    "12": 36.788352489471436,
    "14": 66.98100972175598,
    "16": 171.11619186401367,
    "18": 530.9133291244507,
    "20": 2319.587341785431
  }
}