{
  "fast_obs": true,
  "fast_ents": true,
  "num_envs": 32,
  "env_device": "cpu",
  "agent_device": "cuda",
  "embed_dim": 256,
  "dim_mlp": 1024,
  "n_heads": 4,
  "n_layers": 4,
  "steps": 10,
  "num_iters": 10,
  "timings": {
    "4": {
      "agent": [
        0.015612602233886719,
        0.03129076957702637,
        0.031230449676513672,
        0.022173166275024414,
        0.03122568130493164,
        0.025751590728759766,
        0.031226396560668945,
        0.029643535614013672,
        0.031233787536621094,
        0.0377655029296875
      ],
      "env": [
        0.01563405990600586,
        0.022195816040039062,
        0.015711069107055664,
        0.015623331069946289,
        0.015622138977050781,
        0.015626907348632812,
        0.015590190887451172,
        0.027746915817260742,
        0.015712738037109375,
        0.01764678955078125
      ]
    },
    "6": {
      "agent": [
        0.0155792236328125,
        0.03122854232788086,
        0.03123188018798828,
        0.021707534790039062,
        0.03119516372680664,
        0.022237300872802734,
        0.03123307228088379,
        0.022223949432373047,
        0.031247615814208984,
        0.037912845611572266
      ],
      "env": [
        0.015620708465576172,
        0.03124856948852539,
        0.015616178512573242,
        0.022220611572265625,
        0.03133583068847656,
        0.0312197208404541,
        0.01560521125793457,
        0.02219367027282715,
        0.031333208084106445,
        0.03124403953552246
      ]
    },
    "8": {
      "agent": [
        0.022778749465942383,
        0.015623807907104492,
        0.018214702606201172,
        0.01558685302734375,
        0.03133082389831543,
        0.03784990310668945,
        0.015607833862304688,
        0.027779340744018555,
        0.03124690055847168,
        0.03128409385681152
      ],
      "env": [
        0.03767085075378418,
        0.031249523162841797,
        0.0313267707824707,
        0.03776073455810547,
        0.03125429153442383,
        0.031245708465576172,
        0.03788495063781738,
        0.031239748001098633,
        0.046880483627319336,
        0.022275924682617188
      ]
    },
    "10": {
      "agent": [
        0.015622854232788086,
        0.022228479385375977,
        0.031249046325683594,
        0.031215906143188477,
        0.031293630599975586,
        0.0221099853515625,
        0.025943517684936523,
        0.031232595443725586,
        0.015709638595581055,
        0.022220611572265625
      ],
      "env": [
        0.03792691230773926,
        0.04686236381530762,
        0.037940025329589844,
        0.06249380111694336,
        0.037912607192993164,
        0.0625,
        0.040442466735839844,
        0.04695296287536621,
        0.05106234550476074,
        0.03125
      ]
    },
    "12": {
      "agent": [
        0.03773641586303711,
        0.0519106388092041,
        0.05338406562805176,
        0.046907663345336914,
        0.04691171646118164,
        0.04683113098144531,
        0.04683995246887207,
        0.0468137264251709,
        0.05335545539855957,
        0.03772616386413574
      ],
      "env": [
        0.06916236877441406,
        0.062499284744262695,
        0.05338692665100098,
        0.06907391548156738,
        0.06258034706115723,
        0.07061266899108887,
        0.06249880790710449,
        0.051998138427734375,
        0.06917500495910645,
        0.06623268127441406
      ]
    },
    "14": {
      "agent": [
        0.08474850654602051,
        0.08817243576049805,
        0.0938260555267334,
        0.08335041999816895,
        0.08619570732116699,
        0.06915521621704102,
        0.08472824096679688,
        0.08371353149414062,
        0.08469080924987793,
        0.08478069305419922
      ],
      "env": [
        0.11587786674499512,
        0.10665631294250488,
        0.11587238311767578,
        0.11587095260620117,
        0.11587047576904297,
        0.10324740409851074,
        0.11587071418762207,
        0.11586976051330566,
        0.12237691879272461,
        0.11587381362915039
      ]
    },
    "16": {
      "agent": [
        0.06257748603820801,
        0.04694986343383789,
        0.05355191230773926,
        0.07819557189941406,
        0.06907081604003906,
        0.08471894264221191,
        0.08477473258972168,
        0.07506585121154785,
        0.08487153053283691,
        0.08821702003479004
      ],
      "env": [
        0.2070016860961914,
        0.20049524307250977,
        0.20389437675476074,
        0.21262001991271973,
        0.20049405097961426,
        0.20049333572387695,
        0.20071840286254883,
        0.20058584213256836,
        0.20049476623535156,
        0.22059082984924316
      ]
    },
    "18": {
      "agent": [
        0.08472633361816406,
        0.10034871101379395,
        0.08489680290222168,
        0.10036993026733398,
        0.0848078727722168,
        0.08486604690551758,
        0.09383130073547363,
        0.08484578132629395,
        0.1161344051361084,
        0.08488750457763672
      ],
      "env": [
        0.3385286331176758,
        0.3632392883300781,
        0.3335387706756592,
        0.36313414573669434,
        0.3546786308288574,
        0.3477821350097656,
        0.34012866020202637,
        0.36324000358581543,
        0.3541710376739502,
        0.34752750396728516
      ]
    },
    "20": {
      "agent": [
        0.1317310333251953,
        0.10050845146179199,
        0.08472108840942383,
        0.13816475868225098,
        0.12256288528442383,
        0.11591720581054688,
        0.10030508041381836,
        0.10049080848693848,
        0.13170242309570312,
        0.11609458923339844
      ],
      "env": [
        1.0885822772979736,
        1.074544906616211,
        1.0717651844024658,
        1.0554454326629639,
        1.067819356918335,
        1.0816559791564941,
        1.056830644607544,
        1.074869155883789,
        1.034301996231079,
        1.021857500076294
      ]
    }
  }
}