{
  "num_qubits": 16,
  "num_tests": 10,
  "max_iterations": 100,
  "family": "weakly_entangled",
  "eta": 4.1,
  "subsystem_size": 2,
  "results": [
    {
      "steps": 15,
      "actions": [
        [
          6,
          10
        ],
        [
          0,
          3
        ],
        [
          2,
          8
        ],
        [
          5,
          9
        ],
        [
          1,
          15
        ],
        [
          13,
          14
        ],
        [
          7,
          12
        ],
        [
          4,
          11
        ],
        [
          11,
          14
        ],
        [
          3,
          14
        ],
        [
          10,
          14
        ],
        [
          9,
          14
        ],
        [
          14,
          15
        ],
        [
          8,
          15
        ],
        [
          12,
          15
        ]
      ],
      "elapsed": 4776.816207170486
    },
    {
      "steps": 15,
      "actions": [
        [
          4,
          6
        ],
        [
          2,
          3
        ],
        [
          12,
          14
        ],
        [
          0,
          10
        ],
        [
          7,
          11
        ],
        [
          1,
          13
        ],
        [
          9,
          15
        ],
        [
          5,
          8
        ],
        [
          10,
          11
        ],
        [
          3,
          11
        ],
        [
          11,
          13
        ],
        [
          13,
          15
        ],
        [
          14,
          15
        ],
        [
          6,
          15
        ],
        [
          8,
          15
        ]
      ],
      "elapsed": 4764.313412427902
    },
    {
      "steps": 15,
      "actions": [
        [
          4,
          11
        ],
        [
          8,
          14
        ],
        [
          0,
          1
        ],
        [
          3,
          13
        ],
        [
          6,
          9
        ],
        [
          5,
          10
        ],
        [
          2,
          7
        ],
        [
          12,
          15
        ],
        [
          11,
          15
        ],
        [
          1,
          15
        ],
        [
          9,
          15
        ],
        [
          13,
          15
        ],
        [
          10,
          15
        ],
        [
          14,
          15
        ],
        [
          7,
          15
        ]
      ],
      "elapsed": 4761.622547149658
    },
    {
      "steps": 15,
      "actions": [
        [
          3,
          10
        ],
        [
          6,
          8
        ],
        [
          2,
          13
        ],
        [
          4,
          11
        ],
        [
          0,
          14
        ],
        [
          12,
          15
        ],
        [
          1,
          7
        ],
        [
          5,
          9
        ],
        [
          9,
          14
        ],
        [
          13,
          14
        ],
        [
          7,
          14
        ],
        [
          8,
          14
        ],
        [
          14,
          15
        ],
        [
          10,
          15
        ],
        [
          11,
          15
        ]
      ],
      "elapsed": 4803.764927864075
    },
    {
      "steps": 15,
      "actions": [
        [
          8,
          14
        ],
        [
          3,
          6
        ],
        [
          0,
          9
        ],
        [
          1,
          13
        ],
        [
          7,
          10
        ],
        [
          11,
          12
        ],
        [
          4,
          15
        ],
        [
          2,
          5
        ],
        [
          9,
          10
        ],
        [
          5,
          10
        ],
        [
          10,
          15
        ],
        [
          12,
          15
        ],
        [
          13,
          15
        ],
        [
          14,
          15
        ],
        [
          6,
          15
        ]
      ],
      "elapsed": 4770.860924482346
    },
    {
      "steps": 15,
      "actions": [
        [
          0,
          5
        ],
        [
          1,
          4
        ],
        [
          13,
          14
        ],
        [
          6,
          11
        ],
        [
          10,
          15
        ],
        [
          9,
          12
        ],
        [
          3,
          8
        ],
        [
          2,
          7
        ],
        [
          4,
          15
        ],
        [
          7,
          15
        ],
        [
          5,
          15
        ],
        [
          12,
          15
        ],
        [
          14,
          15
        ],
        [
          11,
          15
        ],
        [
          8,
          15
        ]
      ],
      "elapsed": 4718.882798671722
    },
    {
      "steps": 15,
      "actions": [
        [
          8,
          9
        ],
        [
          4,
          6
        ],
        [
          13,
          15
        ],
        [
          11,
          14
        ],
        [
          3,
          5
        ],
        [
          7,
          10
        ],
        [
          0,
          1
        ],
        [
          2,
          12
        ],
        [
          1,
          15
        ],
        [
          6,
          15
        ],
        [
          10,
          15
        ],
        [
          9,
          15
        ],
        [
          12,
          15
        ],
        [
          5,
          15
        ],
        [
          14,
          15
        ]
      ],
      "elapsed": 4736.554646015167
    },
    {
      "steps": 14,
      "actions": [
        [
          12,
          14
        ],
        [
          0,
          11
        ],
        [
          4,
          5
        ],
        [
          8,
          15
        ],
        [
          3,
          13
        ],
        [
          6,
          7
        ],
        [
          1,
          10
        ],
        [
          2,
          9
        ],
        [
          9,
          13
        ],
        [
          10,
          13
        ],
        [
          13,
          15
        ],
        [
          5,
          15
        ],
        [
          14,
          15
        ],
        [
          11,
          15
        ]
      ],
      "elapsed": 4444.131655931473
    },
    {
      "steps": 15,
      "actions": [
        [
          4,
          11
        ],
        [
          5,
          15
        ],
        [
          0,
          9
        ],
        [
          2,
          7
        ],
        [
          1,
          12
        ],
        [
          6,
          14
        ],
        [
          3,
          10
        ],
        [
          8,
          13
        ],
        [
          12,
          13
        ],
        [
          10,
          13
        ],
        [
          9,
          13
        ],
        [
          13,
          15
        ],
        [
          14,
          15
        ],
        [
          7,
          15
        ],
        [
          11,
          15
        ]
      ],
      "elapsed": 4700.735630750656
    },
    {
      "steps": 14,