{
  "|RR-R-R>": {
    "avg_len": 2.8916015625,
    "95_percentile": 12.0,
    "max_len": 12.0,
    "ratio_solved": 0.8720703125
  },
  "|RR-RR>": {
    "avg_len": 5.1474609375,
    "95_percentile": 12.0,
    "max_len": 12.0,
    "ratio_solved": 0.693359375
  },
  "|RRR-R>": {
    "avg_len": 3.2041015625,
    "95_percentile": 12.0,
    "max_len": 12.0,
    "ratio_solved": 0.9150390625
  },
  "|RRRR>": {
    "avg_len": 5.361328125,
    "95_percentile": 9.0,
    "max_len": 12.0,
    "ratio_solved": 0.9609375
  }
}