{
  "|RR-R-R>": {
    "avg_len": 1.3544921875,
    "95_percentile": 3.0,
    "max_len": 12.0,
    "ratio_solved": 0.9990234375
  },
  "|RR-RR>": {
    "avg_len": 2.048828125,
    "95_percentile": 2.0,
    "max_len": 12.0,
    "ratio_solved": 0.998046875
  },
  "|RRR-R>": {
    "avg_len": 2.154296875,
    "95_percentile": 3.0,
    "max_len": 3.0,
    "ratio_solved": 1.0
  },
  "|RRRR>": {
    "avg_len": 6.0341796875,
    "95_percentile": 12.0,
    "max_len": 12.0,
    "ratio_solved": 0.9267578125
  }
}