{
  "|RR-R-R>": {
    "avg_len": 3.8955078125,
    "95_percentile": 12.0,
    "max_len": 12.0,
    "ratio_solved": 0.76171875
  },
  "|RR-RR>": {
    "avg_len": 7.1396484375,
    "95_percentile": 12.0,
    "max_len": 12.0,
    "ratio_solved": 0.5
  },
  "|RRR-R>": {
    "avg_len": 3.7177734375,
    "95_percentile": 12.0,
    "max_len": 12.0,
    "ratio_solved": 0.83984375
  },
  "|RRRR>": {
    "avg_len": 10.142578125,
    "95_percentile": 12.0,
    "max_len": 12.0,
    "ratio_solved": 0.4130859375
  }
}