{
  "|RR-R-R>": {
    "avg_len": 1.142578125,
    "95_percentile": 2.0,
    "max_len": 12.0,
    "ratio_solved": 0.9990234375
  },
  "|RR-RR>": {
    "avg_len": 2.0107421875,
    "95_percentile": 2.0,
    "max_len": 3.0,
    "ratio_solved": 1.0
  },
  "|RRR-R>": {
    "avg_len": 2.0283203125,
    "95_percentile": 2.0,
    "max_len": 3.0,
    "ratio_solved": 1.0
  },
  "|RRRR>": {
    "avg_len": 5.0615234375,
    "95_percentile": 5.0,
    "max_len": 12.0,
    "ratio_solved": 0.9970703125
  }
}