{
  "|RR-R-R>": {
    "avg_len": 1.380859375,
    "95_percentile": 3.0,
    "max_len": 12.0,
    "ratio_solved": 0.9990234375
  },
  "|RR-RR>": {
    "avg_len": 2.0927734375,
    "95_percentile": 3.0,
    "max_len": 12.0,
    "ratio_solved": 0.9990234375
  },
  "|RRR-R>": {
    "avg_len": 2.1923828125,
    "95_percentile": 3.0,
    "max_len": 3.0,
    "ratio_solved": 1.0
  },
  "|RRRR>": {
    "avg_len": 5.001953125,
    "95_percentile": 5.0,
    "max_len": 6.0,
    "ratio_solved": 1.0
  }
}